{
    "Not Me": {
        "precision": 1.0,
        "recall": 0.85,
        "f1-score": 0.918918918918919,
        "support": 20.0
    },
    "Me": {
        "precision": 0.8125,
        "recall": 1.0,
        "f1-score": 0.896551724137931,
        "support": 13.0
    },
    "accuracy": 0.9090909090909091,
    "macro avg": {
        "precision": 0.90625,
        "recall": 0.925,
        "f1-score": 0.907735321528425,
        "support": 33.0
    },
    "weighted avg": {
        "precision": 0.9261363636363636,
        "recall": 0.9090909090909091,
        "f1-score": 0.9101075997627722,
        "support": 33.0
    },
    "pr_auc": 1.0,
    "roc_auc": 1.0
}